time_s,T_cell_1_K,T_cell_2_K,T_cell_3_K,T_cell_4_K,T_cell_5_K,T_cell_6_K,T_cell_7_K,T_cell_8_K,T_cell_9_K,T_cell_10_K,T_cell_11_K,T_cell_12_K,T_cell_13_K,T_cell_14_K,T_cell_15_K,T_cell_16_K,T_cell_17_K,T_cell_18_K,T_cell_19_K,T_cell_20_K,T_cell_21_K,T_cell_22_K,T_cell_23_K,T_cell_24_K,T_cell_25_K,T_cell_26_K,T_cell_27_K,T_cell_28_K,T_cell_29_K,T_cell_30_K,T_cell_31_K,T_cell_32_K,T_cell_33_K,T_cell_34_K,T_cell_35_K,T_cell_36_K,T_cell_37_K,T_cell_38_K,T_cell_39_K,T_cell_40_K,T_cell_41_K,T_cell_42_K,T_cell_43_K,T_cell_44_K,T_cell_45_K,T_cell_46_K,T_cell_47_K,T_cell_48_K,V_cell_1_V,V_cell_2_V,V_cell_3_V,V_cell_4_V,V_cell_5_V,V_cell_6_V,V_cell_7_V,V_cell_8_V,V_cell_9_V,V_cell_10_V,V_cell_11_V,V_cell_12_V,V_cell_13_V,V_cell_14_V,V_cell_15_V,V_cell_16_V,V_cell_17_V,V_cell_18_V,V_cell_19_V,V_cell_20_V,V_cell_21_V,V_cell_22_V,V_cell_23_V,V_cell_24_V,V_cell_25_V,V_cell_26_V,V_cell_27_V,V_cell_28_V,V_cell_29_V,V_cell_30_V,V_cell_31_V,V_cell_32_V,V_cell_33_V,V_cell_34_V,V_cell_35_V,V_cell_36_V,V_cell_37_V,V_cell_38_V,V_cell_39_V,V_cell_40_V,V_cell_41_V,V_cell_42_V,V_cell_43_V,V_cell_44_V,V_cell_45_V,V_cell_46_V,V_cell_47_V,V_cell_48_V
0.000000,298.149994,298.149994,298.149994,298.149994,298.149994,298.149994,298.149994,298.149994,298.149994,298.149994,298.149994,298.149994,298.149994,298.149994,298.149994,298.149994,298.149994,298.149994,298.149994,298.149994,298.149994,298.149994,298.149994,298.149994,298.149994,298.149994,298.149994,298.149994,298.149994,298.149994,298.149994,298.149994,298.149994,298.149994,298.149994,298.149994,298.149994,298.149994,298.149994,298.149994,298.149994,298.149994,298.149994,298.149994,298.149994,298.149994,298.149994,298.149994,3.626757,3.626757,3.626757,3.626757,3.626757,3.626757,3.626757,3.626757,3.626757,3.626757,3.626757,3.626757,3.626795,3.626795,3.626795,3.626795,3.626795,3.626795,3.626795,3.626795,3.626795,3.626795,3.626795,3.626795,3.626820,3.626820,3.626820,3.626820,3.626820,3.626820,3.626820,3.626820,3.626820,3.626820,3.626820,3.626820,3.626832,3.626832,3.626832,3.626832,3.626832,3.626832,3.626832,3.626832,3.626832,3.626832,3.626832,3.626832
10.000000,302.585663,302.598877,302.598877,302.585663,302.585663,302.598877,302.598877,302.585663,302.585663,302.598877,302.598877,302.585663,302.583710,302.596924,302.596924,302.583710,302.583710,302.596924,302.596924,302.583710,302.583710,302.596924,302.596924,302.583710,302.582428,302.595642,302.595642,302.582428,302.582428,302.595642,302.595642,302.582428,302.582428,302.595642,302.595642,302.582428,302.581787,302.595001,302.595001,302.581787,302.581787,302.595001,302.595001,302.581787,302.581787,302.595001,302.595001,302.581787,3.403105,3.403135,3.403135,3.403105,3.403105,3.403135,3.403135,3.403105,3.403105,3.403135,3.403135,3.403105,3.403360,3.403391,3.403391,3.403360,3.403360,3.403391,3.403391,3.403360,3.403360,3.403391,3.403391,3.403360,3.403530,3.403561,3.403561,3.403530,3.403530,3.403561,3.403561,3.403530,3.403530,3.403561,3.403561,3.403530,3.403615,3.403646,3.403646,3.403615,3.403615,3.403646,3.403646,3.403615,3.403615,3.403646,3.403646,3.403615
20.000000,337.904602,338.170990,338.170990,337.904633,337.904633,338.170990,338.170990,337.904602,337.904633,338.170990,338.170990,337.904633,337.881409,338.147888,338.147888,337.881409,337.881409,338.147888,338.147888,337.881409,337.881409,338.147888,338.147888,337.881409,337.902191,338.168640,338.168640,337.902191,337.902191,338.168640,338.168640,337.902191,337.902191,338.168640,338.168640,337.902191,337.909393,338.176086,338.176086,337.909393,337.909393,338.176086,338.176086,337.909393,337.909393,338.176086,338.176086,337.909393,1.270339,1.269269,1.269269,1.270339,1.270339,1.269269,1.269269,1.270339,1.270339,1.269269,1.269269,1.270339,1.270502,1.269432,1.269432,1.270502,1.270502,1.269432,1.269432,1.270502,1.270502,1.269432,1.269432,1.270502,1.270474,1.269405,1.269405,1.270474,1.270474,1.269405,1.269405,1.270474,1.270474,1.269405,1.269405,1.270474,1.270477,1.269406,1.269406,1.270477,1.270477,1.269406,1.269406,1.270477,1.270477,1.269406,1.269406,1.270477
30.000000,337.414001,337.923187,337.923187,337.414001,337.414001,337.923187,337.923187,337.414001,337.414001,337.923187,337.923187,337.414001,337.391205,337.900360,337.900360,337.391205,337.391205,337.900360,337.900360,337.391205,337.391205,337.900360,337.900360,337.391205,337.411835,337.921112,337.921112,337.411835,337.411835,337.921112,337.921112,337.411835,337.411835,337.921112,337.921112,337.411835,337.419006,337.928558,337.928558,337.419006,337.419006,337.928558,337.928558,337.419006,337.419006,337.928558,337.928558,337.419006,2.969781,2.967995,2.967995,2.969781,2.969781,2.967995,2.967995,2.969781,2.969781,2.967995,2.967995,2.969781,2.916312,2.914592,2.914592,2.916312,2.916312,2.914592,2.914592,2.916312,2.916312,2.914592,2.914592,2.916312,2.844234,2.842916,2.842916,2.844234,2.844234,2.842916,2.842916,2.844234,2.844234,2.842916,2.842916,2.844234,2.824795,2.823482,2.823482,2.824795,2.824795,2.823482,2.823482,2.824795,2.824795,2.823482,2.823482,2.824795
40.000000,336.929565,337.677063,337.677063,336.929565,336.929565,337.677063,337.677063,336.929565,336.929565,337.677063,337.677063,336.929565,336.907074,337.654388,337.654388,336.907074,336.907074,337.654388,337.654388,336.907074,336.907074,337.654388,337.654388,336.907074,336.927490,337.675049,337.675049,336.927490,336.927490,337.675049,337.675049,336.927490,336.927490,337.675049,337.675049,336.927490,336.934570,337.682434,337.682434,336.934570,336.934570,337.682434,337.682434,336.934570,336.934570,337.682434,337.682434,336.934570,3.863963,3.863766,3.863766,3.863963,3.863963,3.863766,3.863766,3.863963,3.863963,3.863766,3.863766,3.863963,3.863996,3.863799,3.863799,3.863996,3.863996,3.863799,3.863799,3.863996,3.863996,3.863799,3.863799,3.863996,3.864011,3.863814,3.863814,3.864011,3.864011,3.863814,3.863814,3.864011,3.864011,3.863814,3.863814,3.864011,3.864020,3.863822,3.863822,3.864020,3.864020,3.863822,3.863822,3.864020,3.864020,3.863822,3.863822,3.864020
50.000000,336.451141,337.432465,337.432495,336.451141,336.451141,337.432495,337.432495,336.451141,336.451141,337.432495,337.432495,336.451141,336.428925,337.409943,337.409943,336.428925,336.428925,337.409943,337.409943,336.428925,336.428925,337.409943,337.409943,336.428925,336.449097,337.430481,337.430481,336.449097,336.449097,337.430481,337.430481,336.449097,336.449097,337.430481,337.430481,336.449097,336.456085,337.437836,337.437836,336.456085,336.456085,337.437836,337.437836,336.456085,336.456085,337.437836,337.437836,336.456085,3.914490,3.914320,3.914320,3.914490,3.914490,3.914320,3.914320,3.914490,3.914490,3.914320,3.914320,3.914490,3.914513,3.914343,3.914343,3.914513,3.914513,3.914343,3.914343,3.914513,3.914513,3.914343,3.914343,3.914513,3.914523,3.914353,3.914353,3.914523,3.914523,3.914353,3.914353,3.914523,3.914523,3.914353,3.914353,3.914523,3.914529,3.914359,3.914359,3.914529,3.914529,3.914359,3.914359,3.914529,3.914529,3.914359,3.914359,3.914529
60.000000,335.978638,337.189423,337.189423,335.978638,335.978638,337.189423,337.189423,335.978638,335.978638,337.189423,337.189423,335.978638,335.956696,337.167023,337.167023,335.956696,335.956696,337.167023,337.167023,335.956696,335.956696,337.167023,337.167023,335.956696,335.976593,337.187408,337.187408,335.976593,335.976593,337.187408,337.187408,335.976593,335.976593,337.187408,337.187408,335.976593,335.983521,337.194733,337.194733,335.983521,335.983521,337.194733,337.194733,335.983521,335.983521,337.194733,337.194733,335.983521,3.943840,3.943683,3.943683,3.943840,3.943840,3.943683,3.943683,3.943840,3.943840,3.943683,3.943683,3.943840,3.943859,3.943702,3.943702,3.943859,3.943859,3.943702,3.943702,3.943859,3.943859,3.943702,3.943702,3.943859,3.943868,3.943711,3.943711,3.943868,3.943868,3.943711,3.943711,3.943868,3.943868,3.943711,3.943711,3.943868,3.943873,3.943716,3.943716,3.943873,3.943873,3.943716,3.943716,3.943873,3.943873,3.943716,3.943716,3.943873
70.000000,335.511932,336.947845,336.947845,335.511932,335.511932,336.947845,336.947845,335.511932,335.511932,336.947845,336.947845,335.511932,335.490265,336.925598,336.925598,335.490265,335.490265,336.925598,336.925598,335.490265,335.490265,336.925598,336.925598,335.490265,335.509918,336.945862,336.945862,335.509918,335.509918,336.945862,336.945862,335.509918,335.509918,336.945862,336.945862,335.509918,335.516785,336.953156,336.953156,335.516785,335.516785,336.953156,336.953156,335.516785,335.516785,336.953156,336.953156,335.516785,3.964536,3.964391,3.964391,3.964536,3.964536,3.964391,3.964391,3.964536,3.964536,3.964391,3.964391,3.964536,3.964552,3.964408,3.964408,3.964552,3.964552,3.964408,3.964408,3.964552,3.964552,3.964408,3.964408,3.964552,3.964561,3.964416,3.964416,3.964561,3.964561,3.964416,3.964416,3.964561,3.964561,3.964416,3.964416,3.964561,3.964565,3.964421,3.964421,3.964565,3.964565,3.964421,3.964421,3.964565,3.964565,3.964421,3.964421,3.964565
80.000000,335.050995,336.707794,336.707794,335.050995,335.050995,336.707794,336.707794,335.050995,335.050995,336.707794,336.707794,335.050995,335.029602,336.685669,336.685669,335.029602,335.029602,336.685669,336.685669,335.029602,335.029602,336.685669,336.685669,335.029602,335.049011,336.705811,336.705811,335.049011,335.049011,336.705811,336.705811,335.049011,335.049011,336.705811,336.705811,335.049011,335.055786,336.713043,336.713043,335.055786,335.055786,336.713043,336.713043,335.055786,335.055786,336.713043,336.713043,335.055786,3.980379,3.980247,3.980247,3.980379,3.980379,3.980247,3.980247,3.980379,3.980379,3.980247,3.980247,3.980379,3.980393,3.980262,3.980262,3.980393,3.980393,3.980262,3.980262,3.980393,3.980393,3.980262,3.980262,3.980393,3.980401,3.980270,3.980270,3.980401,3.980401,3.980270,3.980270,3.980401,3.980401,3.980270,3.980270,3.980401,3.980406,3.980274,3.980274,3.980406,3.980406,3.980274,3.980274,3.980406,3.980406,3.980274,3.980274,3.980406
90.000000,334.595764,336.469208,336.469208,334.595764,334.595764,336.469208,336.469208,334.595764,334.595764,336.469208,336.469208,334.595764,334.574615,336.447235,336.447235,334.574615,334.574615,336.447235,336.447235,334.574615,334.574615,336.447235,336.447235,334.574615,334.593811,336.467255,336.467255,334.593811,334.593811,336.467255,336.467255,334.593811,334.593811,336.467255,336.467255,334.593811,334.600464,336.474426,336.474426,334.600464,334.600464,336.474426,336.474426,334.600464,334.600464,336.474426,336.474426,334.600464,3.993146,3.993030,3.993030,3.993146,3.993146,3.993030,3.993030,3.993146,3.993146,3.993030,3.993030,3.993146,3.993160,3.993043,3.993043,3.993160,3.993160,3.993043,3.993043,3.993160,3.993160,3.993043,3.993043,3.993160,3.993167,3.993050,3.993050,3.993167,3.993167,3.993050,3.993050,3.993167,3.993167,3.993050,3.993050,3.993167,3.993171,3.993054,3.993054,3.993171,3.993171,3.993054,3.993054,3.993171,3.993171,3.993054,3.993054,3.993171
100.000000,334.146118,336.232086,336.232086,334.146118,334.146118,336.232086,336.232086,334.146118,334.146118,336.232086,336.232086,334.146118,334.125244,336.210266,336.210266,334.125244,334.125244,336.210266,336.210266,334.125244,334.125244,336.210266,336.210266,334.125244,334.144196,336.230164,336.230164,334.144196,334.144196,336.230164,336.230164,334.144196,334.144196,336.230164,336.230164,334.144196,334.150787,336.237305,336.237305,334.150787,334.150787,336.237305,336.237305,334.150787,334.150787,336.237305,336.237305,334.150787,4.003713,4.003612,4.003612,4.003713,4.003713,4.003612,4.003612,4.003713,4.003713,4.003612,4.003612,4.003713,4.003724,4.003624,4.003624,4.003724,4.003724,4.003624,4.003624,4.003724,4.003724,4.003624,4.003624,4.003724,4.003731,4.003631,4.003631,4.003731,4.003731,4.003631,4.003631,4.003731,4.003731,4.003631,4.003631,4.003731,4.003735,4.003634,4.003634,4.003735,4.003735,4.003634,4.003634,4.003735,4.003735,4.003634,4.003634,4.003735
110.000000,333.702026,335.996460,335.996460,333.702026,333.702026,335.996460,335.996460,333.702026,333.702026,335.996460,335.996460,333.702026,333.681427,335.974762,335.974762,333.681427,333.681427,335.974762,335.974762,333.681427,333.681427,335.974762,335.974762,333.681427,333.700134,335.994537,335.994537,333.700134,333.700134,335.994537,335.994537,333.700134,333.700134,335.994537,335.994537,333.700134,333.706635,336.001617,336.001617,333.706635,333.706635,336.001617,336.001617,333.706635,333.706635,336.001617,336.001617,333.706635,4.012481,4.012397,4.012397,4.012481,4.012481,4.012397,4.012397,4.012481,4.012481,4.012397,4.012397,4.012481,4.012492,4.012408,4.012408,4.012492,4.012492,4.012408,4.012408,4.012492,4.012492,4.012408,4.012408,4.012492,4.012498,4.012414,4.012414,4.012498,4.012498,4.012414,4.012414,4.012498,4.012498,4.012414,4.012414,4.012498,4.012502,4.012418,4.012418,4.012502,4.012502,4.012418,4.012418,4.012502,4.012502,4.012418,4.012418,4.012502
120.000000,333.263428,335.762268,335.762268,333.263428,333.263428,335.762268,335.762268,333.263428,333.263428,335.762268,335.762268,333.263428,333.243073,335.740692,335.740692,333.243073,333.243073,335.740692,335.740692,333.243073,333.243073,335.740692,335.740692,333.243073,333.261566,335.760376,335.760376,333.261566,333.261566,335.760376,335.760376,333.261566,333.261566,335.760376,335.760376,333.261566,333.267975,335.767426,335.767426,333.267975,333.267975,335.767426,335.767426,333.267975,333.267975,335.767426,335.767426,333.267975,4.019722,4.019654,4.019654,4.019722,4.019722,4.019654,4.019654,4.019722,4.019722,4.019654,4.019654,4.019722,4.019732,4.019664,4.019664,4.019732,4.019732,4.019664,4.019664,4.019732,4.019732,4.019664,4.019664,4.019732,4.019738,4.019670,4.019670,4.019738,4.019738,4.019670,4.019670,4.019738,4.019738,4.019670,4.019670,4.019738,4.019742,4.019673,4.019673,4.019742,4.019742,4.019673,4.019673,4.019742,4.019742,4.019673,4.019673,4.019742
130.000000,332.830231,335.529541,335.529541,332.830231,332.830231,335.529541,335.529541,332.830231,332.830231,335.529541,335.529541,332.830231,332.810150,335.508118,335.508118,332.810150,332.810150,335.508118,335.508118,332.810150,332.810150,335.508118,335.508118,332.810150,332.828400,335.527649,335.527649,332.828400,332.828400,335.527649,335.527649,332.828400,332.828400,335.527649,335.527649,332.828400,332.834747,335.534668,335.534668,332.834747,332.834747,335.534668,335.534668,332.834747,332.834747,335.534668,335.534668,332.834747,4.025688,4.025633,4.025633,4.025688,4.025688,4.025633,4.025633,4.025688,4.025688,4.025633,4.025633,4.025688,4.025697,4.025642,4.025642,4.025697,4.025697,4.025642,4.025642,4.025697,4.025697,4.025642,4.025642,4.025697,4.025702,4.025648,4.025648,4.025702,4.025702,4.025648,4.025648,4.025702,4.025702,4.025648,4.025648,4.025702,4.025706,4.025651,4.025651,4.025706,4.025706,4.025651,4.025651,4.025706,4.025706,4.025651,4.025651,4.025706
140.000000,332.402405,335.298248,335.298248,332.402405,332.402405,335.298248,335.298248,332.402405,332.402405,335.298248,335.298248,332.402405,332.382538,335.276947,335.276947,332.382538,332.382538,335.276947,335.276947,332.382538,332.382538,335.276947,335.276947,332.382538,332.400574,335.296356,335.296356,332.400574,332.400574,335.296356,335.296356,332.400574,332.400574,335.296356,335.296356,332.400574,332.406830,335.303345,335.303345,332.406830,332.406830,335.303345,335.303345,332.406830,332.406830,335.303345,335.303345,332.406830,4.030614,4.030571,4.030571,4.030614,4.030614,4.030571,4.030571,4.030614,4.030614,4.030571,4.030571,4.030614,4.030622,4.030579,4.030579,4.030622,4.030622,4.030579,4.030579,4.030622,4.030622,4.030579,4.030579,4.030622,4.030628,4.030585,4.030585,4.030628,4.030628,4.030585,4.030585,4.030628,4.030628,4.030585,4.030585,4.030628,4.030631,4.030588,4.030588,4.030631,4.030631,4.030588,4.030588,4.030631,4.030631,4.030588,4.030588,4.030631
150.000000,331.979828,335.068390,335.068390,331.979828,331.979828,335.068390,335.068390,331.979828,331.979828,335.068390,335.068390,331.979828,331.960205,335.047241,335.047241,331.960205,331.960205,335.047241,335.047241,331.960205,331.960205,335.047241,335.047241,331.960205,331.978027,335.066528,335.066528,331.978027,331.978027,335.066528,335.066528,331.978027,331.978027,335.066528,335.066528,331.978027,331.984222,335.073456,335.073456,331.984222,331.984222,335.073456,335.073456,331.984222,331.984222,335.073456,335.073456,331.984222,4.034707,4.034673,4.034673,4.034707,4.034707,4.034673,4.034673,4.034707,4.034707,4.034673,4.034673,4.034707,4.034714,4.034681,4.034681,4.034714,4.034714,4.034681,4.034681,4.034714,4.034714,4.034681,4.034681,4.034714,4.034719,4.034686,4.034686,4.034719,4.034719,4.034686,4.034686,4.034719,4.034719,4.034686,4.034686,4.034719,4.034722,4.034688,4.034688,4.034722,4.034722,4.034688,4.034688,4.034722,4.034722,4.034688,4.034688,4.034722
160.000000,331.562469,334.839966,334.839966,331.562469,331.562469,334.839966,334.839966,331.562469,331.562469,334.839966,334.839966,331.562469,331.543121,334.818909,334.818909,331.543121,331.543121,334.818909,334.818909,331.543121,331.543121,334.818909,334.818909,331.543121,331.560699,334.838104,334.838104,331.560699,331.560699,334.838104,334.838104,331.560699,331.560699,334.838104,334.838104,331.560699,331.566833,334.844971,334.844971,331.566833,331.566833,334.844971,334.844971,331.566833,331.566833,334.844971,334.844971,331.566833,4.038138,4.038112,4.038112,4.038138,4.038138,4.038112,4.038112,4.038138,4.038138,4.038112,4.038112,4.038138,4.038145,4.038119,4.038119,4.038145,4.038145,4.038119,4.038119,4.038145,4.038145,4.038119,4.038119,4.038145,4.038149,4.038124,4.038124,4.038149,4.038149,4.038124,4.038124,4.038149,4.038149,4.038124,4.038124,4.038149,4.038152,4.038126,4.038126,4.038152,4.038152,4.038126,4.038126,4.038152,4.038152,4.038126,4.038126,4.038152
170.000000,331.150269,334.612946,334.612946,331.150299,331.150299,334.612946,334.612946,331.150269,331.150299,334.612946,334.612946,331.150299,331.131134,334.592041,334.592041,331.131134,331.131134,334.592041,334.592041,331.131134,331.131134,334.592041,334.592041,331.131134,331.148529,334.611084,334.611084,331.148529,331.148529,334.611084,334.611084,331.148529,331.148529,334.611084,334.611084,331.148529,331.154572,334.617920,334.617920,331.154572,331.154572,334.617920,334.617920,331.154572,331.154572,334.617920,334.617920,331.154572,4.041044,4.041024,4.041024,4.041044,4.041044,4.041024,4.041024,4.041044,4.041044,4.041024,4.041024,4.041044,4.041051,4.041031,4.041031,4.041051,4.041051,4.041031,4.041031,4.041051,4.041051,4.041031,4.041031,4.041051,4.041054,4.041034,4.041034,4.041054,4.041054,4.041034,4.041034,4.041054,4.041054,4.041034,4.041034,4.041054,4.041057,4.041037,4.041037,4.041057,4.041057,4.041037,4.041037,4.041057,4.041057,4.041037,4.041037,4.041057
180.000000,330.743164,334.387329,334.387329,330.743164,330.743164,334.387329,334.387329,330.743164,330.743164,334.387329,334.387329,330.743164,330.724274,334.366547,334.366547,330.724274,330.724274,334.366547,334.366547,330.724274,330.724274,334.366547,334.366547,330.724274,330.741455,334.385498,334.385498,330.741455,330.741455,334.385498,334.385498,330.741455,330.741455,334.385498,334.385498,330.741455,330.747406,334.392273,334.392273,330.747406,330.747406,334.392273,334.392273,330.747406,330.747406,334.392273,334.392273,330.747406,4.043532,4.043517,4.043517,4.043532,4.043532,4.043517,4.043517,4.043532,4.043532,4.043517,4.043517,4.043532,4.043540,4.043524,4.043524,4.043540,4.043540,4.043524,4.043524,4.043540,4.043540,4.043524,4.043524,4.043540,4.043541,4.043527,4.043527,4.043541,4.043541,4.043527,4.043527,4.043541,4.043541,4.043527,4.043527,4.043541,4.043545,4.043530,4.043530,4.043545,4.043545,4.043530,4.043530,4.043545,4.043545,4.043530,4.043530,4.043545
190.000000,330.341095,334.163116,334.163116,330.341095,330.341095,334.163116,334.163116,330.341095,330.341095,334.163116,334.163116,330.341095,330.322418,334.142456,334.142456,330.322418,330.322418,334.142456,334.142456,330.322418,330.322418,334.142456,334.142456,330.322418,330.339386,334.161285,334.161285,330.339386,330.339386,334.161285,334.161285,330.339386,330.339386,334.161285,334.161285,330.339386,330.345276,334.168030,334.168030,330.345276,330.345276,334.168030,334.168030,330.345276,330.345276,334.168030,334.168030,330.345276,4.045686,4.045674,4.045674,4.045686,4.045686,4.045674,4.045674,4.045686,4.045686,4.045674,4.045674,4.045686,4.045693,4.045681,4.045681,4.045693,4.045693,4.045681,4.045681,4.045693,4.045693,4.045681,4.045681,4.045693,4.045696,4.045684,4.045684,4.045696,4.045696,4.045684,4.045684,4.045696,4.045696,4.045684,4.045684,4.045696,4.045697,4.045686,4.045686,4.045697,4.045697,4.045686,4.045686,4.045697,4.045697,4.045686,4.045686,4.045697
200.000000,329.943970,333.940277,333.940277,329.943970,329.943970,333.940277,333.940277,329.943970,329.943970,333.940277,333.940277,329.943970,329.925537,333.919769,333.919769,329.925537,329.925537,333.919769,333.919769,329.925537,329.925537,333.919769,333.919769,329.925537,329.942291,333.938477,333.938477,329.942291,329.942291,333.938477,333.938477,329.942291,329.942291,333.938477,333.938477,329.942291,329.948120,333.945160,333.945160,329.948120,329.948120,333.945160,333.945160,329.948120,329.948120,333.945160,333.945160,329.948120,4.047572,4.047563,4.047563,4.047572,4.047572,4.047563,4.047563,4.047572,4.047572,4.047563,4.047563,4.047572,4.047577,4.047568,4.047568,4.047577,4.047577,4.047568,4.047568,4.047577,4.047577,4.047568,4.047568,4.047577,4.047581,4.047572,4.047572,4.047581,4.047581,4.047572,4.047572,4.047581,4.047581,4.047572,4.047572,4.047581,4.047583,4.047575,4.047575,4.047583,4.047583,4.047575,4.047575,4.047583,4.047583,4.047575,4.047575,4.047583
210.000000,329.551727,333.718811,333.718811,329.551727,329.551727,333.718811,333.718811,329.551727,329.551727,333.718811,333.718811,329.551727,329.533539,333.698425,333.698425,329.533539,329.533539,333.698425,333.698425,329.533539,329.533539,333.698425,333.698425,329.533539,329.550079,333.717010,333.717010,329.550079,329.550079,333.717010,333.717010,329.550079,329.550079,333.717010,333.717010,329.550079,329.555847,333.723694,333.723694,329.555847,329.555847,333.723694,333.723694,329.555847,329.555847,333.723694,333.723694,329.555847,4.049238,4.049232,4.049232,4.049238,4.049238,4.049232,4.049232,4.049238,4.049238,4.049232,4.049232,4.049238,4.049243,4.049237,4.049237,4.049243,4.049243,4.049237,4.049237,4.049243,4.049243,4.049237,4.049237,4.049243,4.049247,4.049241,4.049241,4.049247,4.049247,4.049241,4.049241,4.049247,4.049247,4.049241,4.049241,4.049247,4.049249,4.049243,4.049243,4.049249,4.049249,4.049243,4.049243,4.049249,4.049249,4.049243,4.049243,4.049249
220.000000,329.164368,333.498749,333.498749,329.164368,329.164368,333.498749,333.498749,329.164368,329.164368,333.498749,333.498749,329.164368,329.146393,333.478485,333.478485,329.146393,329.146393,333.478485,333.478485,329.146393,329.146393,333.478485,333.478485,329.146393,329.162720,333.496948,333.496948,329.162720,329.162720,333.496948,333.496948,329.162720,329.162720,333.496948,333.496948,329.162720,329.168396,333.503571,333.503571,329.168396,329.168396,333.503571,333.503571,329.168396,329.168396,333.503571,333.503571,329.168396,4.050724,4.050719,4.050719,4.050724,4.050724,4.050719,4.050719,4.050724,4.050724,4.050719,4.050719,4.050724,4.050729,4.050724,4.050724,4.050729,4.050729,4.050724,4.050724,4.050729,4.050729,4.050724,4.050724,4.050729,4.050733,4.050728,4.050728,4.050733,4.050733,4.050728,4.050728,4.050733,4.050733,4.050728,4.050728,4.050733,4.050735,4.050730,4.050730,4.050735,4.050735,4.050730,4.050730,4.050735,4.050735,4.050730,4.050730,4.050735
230.000000,328.781769,333.280029,333.280029,328.781769,328.781769,333.280029,333.280029,328.781769,328.781769,333.280029,333.280029,328.781769,328.764099,333.259918,333.259918,328.764099,328.764099,333.259918,333.259918,328.764099,328.764099,333.259918,333.259918,328.764099,328.780151,333.278259,333.278259,328.780151,328.780151,333.278259,333.278259,328.780151,328.780151,333.278259,333.278259,328.780151,328.785828,333.284851,333.284851,328.785828,328.785828,333.284851,333.284851,328.785828,328.785828,333.284851,333.284851,328.785828,4.052060,4.052056,4.052056,4.052060,4.052060,4.052056,4.052056,4.052060,4.052060,4.052056,4.052056,4.052060,4.052063,4.052060,4.052060,4.052063,4.052063,4.052060,4.052060,4.052063,4.052063,4.052060,4.052060,4.052063,4.052069,4.052065,4.052065,4.052069,4.052069,4.052065,4.052065,4.052069,4.052069,4.052065,4.052065,4.052069,4.052069,4.052066,4.052066,4.052069,4.052069,4.052066,4.052066,4.052069,4.052069,4.052066,4.052066,4.052069
240.000000,328.403870,333.062653,333.062653,328.403870,328.403870,333.062653,333.062653,328.403870,328.403870,333.062653,333.062653,328.403870,328.386444,333.042664,333.042664,328.386444,328.386444,333.042664,333.042664,328.386444,328.386444,333.042664,333.042664,328.386444,328.402283,333.060883,333.060883,328.402283,328.402283,333.060883,333.060883,328.402283,328.402283,333.060883,333.060883,328.402283,328.407898,333.067444,333.067444,328.407898,328.407898,333.067444,333.067444,328.407898,328.407898,333.067444,333.067444,328.407898,4.053271,4.053268,4.053268,4.053271,4.053271,4.053268,4.053268,4.053271,4.053271,4.053268,4.053268,4.053271,4.053274,4.053271,4.053271,4.053274,4.053274,4.053271,4.053271,4.053274,4.053274,4.053271,4.053271,4.053274,4.053279,4.053277,4.053277,4.053279,4.053279,4.053277,4.053277,4.053279,4.053279,4.053277,4.053277,4.053279,4.053280,4.053277,4.053277,4.053280,4.053280,4.053277,4.053277,4.053280,4.053280,4.053277,4.053277,4.053280
250.000000,328.030670,332.846649,332.846649,328.030670,328.030670,332.846649,332.846649,328.030670,328.030670,332.846649,332.846649,328.030670,328.013458,332.826782,332.826782,328.013458,328.013458,332.826782,332.826782,328.013458,328.013458,332.826782,332.826782,328.013458,328.029083,332.844879,332.844879,328.029083,328.029083,332.844879,332.844879,328.029083,328.029083,332.844879,332.844879,328.029083,328.034637,332.851410,332.851410,328.034637,328.034637,332.851410,332.851410,328.034637,328.034637,332.851410,332.851410,328.034637,4.054374,4.054372,4.054372,4.054374,4.054374,4.054372,4.054372,4.054374,4.054374,4.054372,4.054372,4.054374,4.054378,4.054376,4.054376,4.054378,4.054378,4.054376,4.054376,4.054378,4.054378,4.054376,4.054376,4.054378,4.054382,4.054380,4.054380,4.054382,4.054382,4.054380,4.054380,4.054382,4.054382,4.054380,4.054380,4.054382,4.054383,4.054381,4.054381,4.054383,4.054383,4.054381,4.054381,4.054383,4.054383,4.054381,4.054381,4.054383
260.000000,327.662079,332.631958,332.631958,327.662079,327.662079,332.631958,332.631958,327.662079,327.662079,332.631958,332.631958,327.662079,327.645050,332.612213,332.612213,327.645050,327.645050,332.612213,332.612213,327.645050,327.645050,332.612213,332.612213,327.645050,327.660492,332.630219,332.630219,327.660492,327.660492,332.630219,332.630219,327.660492,327.660492,332.630219,332.630219,327.660492,327.665985,332.636688,332.636688,327.665985,327.665985,332.636688,332.636688,327.665985,327.665985,332.636688,332.636688,327.665985,4.055385,4.055384,4.055384,4.055385,4.055385,4.055384,4.055384,4.055385,4.055385,4.055384,4.055384,4.055385,4.055389,4.055387,4.055387,4.055389,4.055389,4.055387,4.055387,4.055389,4.055389,4.055387,4.055387,4.055389,4.055393,4.055392,4.055392,4.055393,4.055393,4.055392,4.055392,4.055393,4.055393,4.055392,4.055392,4.055393,4.055394,4.055393,4.055393,4.055394,4.055394,4.055393,4.055393,4.055394,4.055394,4.055393,4.055393,4.055394
270.000000,327.298004,332.418610,332.418610,327.298004,327.298004,332.418610,332.418610,327.298004,327.298004,332.418610,332.418610,327.298004,327.281189,332.398987,332.398987,327.281189,327.281189,332.398987,332.398987,327.281189,327.281189,332.398987,332.398987,327.281189,327.296448,332.416870,332.416870,327.296448,327.296448,332.416870,332.416870,327.296448,327.296448,332.416870,332.416870,327.296448,327.301880,332.423309,332.423309,327.301880,327.301880,332.423309,332.423309,327.301880,327.301880,332.423309,332.423309,327.301880,4.056317,4.056315,4.056315,4.056317,4.056317,4.056315,4.056315,4.056317,4.056317,4.056315,4.056315,4.056317,4.056321,4.056319,4.056319,4.056321,4.056321,4.056319,4.056319,4.056321,4.056321,4.056319,4.056319,4.056321,4.056324,4.056324,4.056324,4.056324,4.056324,4.056324,4.056324,4.056324,4.056324,4.056324,4.056324,4.056324,4.056326,4.056324,4.056324,4.056326,4.056326,4.056324,4.056324,4.056326,4.056326,4.056324,4.056324,4.056326
280.000000,326.938660,332.206635,332.206635,326.938660,326.938660,332.206635,332.206635,326.938660,326.938660,332.206635,332.206635,326.938660,326.922058,332.187134,332.187134,326.922058,326.922058,332.187134,332.187134,326.922058,326.922058,332.187134,332.187134,326.922058,326.937134,332.204926,332.204926,326.937134,326.937134,332.204926,332.204926,326.937134,326.937134,332.204926,332.204926,326.937134,326.942474,332.211334,332.211334,326.942474,326.942474,332.211334,332.211334,326.942474,326.942474,332.211334,332.211334,326.942474,4.057176,4.057174,4.057174,4.057176,4.057176,4.057174,4.057174,4.057176,4.057176,4.057174,4.057174,4.057176,4.057179,4.057178,4.057178,4.057179,4.057179,4.057178,4.057178,4.057179,4.057179,4.057178,4.057178,4.057179,4.057183,4.057182,4.057182,4.057183,4.057183,4.057182,4.057182,4.057183,4.057183,4.057182,4.057182,4.057183,4.057184,4.057183,4.057183,4.057184,4.057184,4.057183,4.057183,4.057184,4.057184,4.057183,4.057183,4.057184
290.000000,326.583832,331.996002,331.996002,326.583832,326.583832,331.996002,331.996002,326.583832,326.583832,331.996002,331.996002,326.583832,326.567230,331.976562,331.976562,326.567230,326.567230,331.976562,331.976562,326.567230,326.567230,331.976562,331.976562,326.567230,326.582123,331.994232,331.994232,326.582123,326.582123,331.994232,331.994232,326.582123,326.582123,331.994232,331.994232,326.582123,326.587585,332.000671,332.000671,326.587585,326.587585,332.000671,332.000671,326.587585,326.587585,332.000671,332.000671,326.587585,4.057972,4.057971,4.057971,4.057972,4.057972,4.057971,4.057971,4.057972,4.057972,4.057971,4.057971,4.057972,4.057979,4.057978,4.057978,4.057979,4.057979,4.057978,4.057978,4.057979,4.057979,4.057978,4.057978,4.057979,4.057982,4.057981,4.057981,4.057982,4.057982,4.057981,4.057981,4.057982,4.057982,4.057981,4.057981,4.057982,4.057981,4.057981,4.057981,4.057981,4.057981,4.057981,4.057981,4.057981,4.057981,4.057981,4.057981,4.057981
300.000000,326.233398,331.786682,331.786682,326.233398,326.233398,331.786682,331.786682,326.233398,326.233398,331.786682,331.786682,326.233398,326.217010,331.767365,331.767365,326.217010,326.217010,331.767365,331.767365,326.217010,326.217010,331.767365,331.767365,326.217010,326.231720,331.784943,331.784943,326.231720,326.231720,331.784943,331.784943,326.231720,326.231720,331.784943,331.784943,326.231720,326.237122,331.791321,331.791321,326.237122,326.237122,331.791321,331.791321,326.237122,326.237122,331.791321,331.791321,326.237122,4.058715,4.058714,4.058714,4.058715,4.058715,4.058714,4.058714,4.058715,4.058715,4.058714,4.058714,4.058715,4.058720,4.058720,4.058720,4.058720,4.058720,4.058720,4.058720,4.058720,4.058720,4.058720,4.058720,4.058720,4.058724,4.058723,4.058723,4.058724,4.058724,4.058723,4.058723,4.058724,4.058724,4.058723,4.058723,4.058724,4.058723,4.058723,4.058723,4.058723,4.058723,4.058723,4.058723,4.058723,4.058723,4.058723,4.058723,4.058723
310.000000,325.887024,331.578583,331.578583,325.887024,325.887024,331.578583,331.578583,325.887024,325.887024,331.578583,331.578583,325.887024,325.870850,331.559387,331.559387,325.870850,325.870850,331.559387,331.559387,325.870850,325.870850,331.559387,331.559387,325.870850,325.885345,331.576843,331.576843,325.885345,325.885345,331.576843,331.576843,325.885345,325.885345,331.576843,331.576843,325.885345,325.890717,331.583191,331.583191,325.890717,325.890717,331.583191,331.583191,325.890717,325.890717,331.583191,331.583191,325.890717,4.059412,4.059411,4.059411,4.059412,4.059412,4.059411,4.059411,4.059412,4.059412,4.059411,4.059411,4.059412,4.059416,4.059416,4.059416,4.059416,4.059416,4.059416,4.059416,4.059416,4.059416,4.059416,4.059416,4.059416,4.059420,4.059420,4.059420,4.059420,4.059420,4.059420,4.059420,4.059420,4.059420,4.059420,4.059420,4.059420,4.059420,4.059420,4.059420,4.059420,4.059420,4.059420,4.059420,4.059420,4.059420,4.059420,4.059420,4.059420
